"id","firstName","lastName","club","districtNum","birthDate","fullName","age","totalVotings","totalVoted","totalMissed","totalExcused","salary_bonus_factor","attendance_rate","monthly_salary","total_earnings_est","cost_per_vote"
1,"Andrzej","Adamczyk","PiS",13,"1959-01-04","Andrzej Adamczyk",66,3217,2931,286,11,0.15,0.914516630400995,20328.1475,527570.188074901,179.996652362641
2,"Piotr","Adamowicz","KO",25,"1961-06-26","Piotr Adamowicz",64,3217,3195,22,4,0.2,0.994404724898974,21211.98,550508.022339027,172.302980387802
4,"Waldemar","Andzel","PiS",32,"1971-09-17","Waldemar Andzel",54,3217,3177,40,1,0.15,0.987876903947777,20328.1475,527570.188074901,166.05923452153
5,"Dorota","Arciszewska-Mielewczyk","PiS",26,"1968-02-16","Dorota Arciszewska-Mielewczyk",57,3217,2939,278,10,0,0.91669257071806,17676.65,458756.685282523,156.092781654482
6,"Jan","Ardanowski","Republikanie",5,"1961-02-11","Jan Ardanowski",64,3217,2796,421,7,0,0.871308672676407,17676.65,458756.685282523,164.076067697612
7,"Iwona","Arent","PiS",35,"1968-06-04","Iwona Arent",57,3217,2704,513,18,0.15,0.84612993472179,20328.1475,527570.188074901,195.107318075037
9,"Marek","Ast","PiS",8,"1958-09-27","Marek Ast",67,3217,3059,158,10,0.2,0.953994404724899,21211.98,550508.022339027,179.963394030411
10,"Urszula","Augustyn","KO",15,"1964-09-01","Urszula Augustyn",61,3217,3213,4,0,0.15,0.998756605533105,20328.1475,527570.188074901,164.198626851821
11,"Piotr","Babinetz","PiS",22,"1969-09-09","Piotr Babinetz",56,3217,2960,257,9,0,0.922909543052533,17676.65,458756.685282523,154.985366649501
12,"Ryszard","Bartosik","PiS",37,"1968-01-11","Ryszard Bartosik",57,3217,3104,113,6,0,0.966739198010569,17676.65,458756.685282523,147.795323866792
13,"Władysław","Bartoszewski","PSL-TD",19,"1955-10-22","Władysław Bartoszewski",70,3217,3075,142,10,0,0.958967982592478,17676.65,458756.685282523,149.189165945536
14,"Barbara","Bartuś","PiS",14,"1967-07-03","Barbara Bartuś",58,3217,3174,43,1,0.15,0.986944358097607,20328.1475,527570.188074901,166.216190319755
15,"Paweł","Bejda","PSL-TD",11,"1962-10-13","Paweł Bejda",63,3217,3091,126,4,0,0.962076468759714,17676.65,458756.685282523,148.416915329189
16,"Konrad","Berkowicz","Konfederacja",13,"1984-05-27","Konrad Berkowicz",41,3217,2579,638,30,0.15,0.811004041032017,20328.1475,527570.188074901,204.563857338077
17,"Sylwia","Bielawska","KO",2,"1975-04-27","Sylwia Bielawska",50,3217,3216,1,0,0,0.999689151383276,17676.65,458756.685282523,142.64822303561
18,"Marek","Biernacki","PSL-TD",26,"1959-04-28","Marek Biernacki",66,3217,3100,117,3,0,0.964563257693503,17676.65,458756.685282523,147.986027510491
19,"Paweł","Bliźniuk","KO",9,"1986-10-11","Paweł Bliźniuk",39,3217,3211,6,0,0,0.998134908299658,17676.65,458756.685282523,142.870347331835
20,"Mariusz","Błaszczak","PiS",20,"1969-09-19","Mariusz Błaszczak",56,3217,3096,121,3,0,0.963319863226609,17676.65,458756.685282523,148.177223928463
21,"Mateusz","Bochenek","KO",32,"1993-03-12","Mateusz Bochenek",32,3217,3216,1,0,0.15,0.999689151383276,20328.1475,527570.188074901,164.045456490952
22,"Rafał","Bochenek","PiS",12,"1986-08-14","Rafał Bochenek",39,3217,3127,90,1,0.2,0.972334473111595,21211.98,550508.022339027,176.049895215551
23,"Izabela","Bodnar","niez.",3,"1975-02-13","Izabela Bodnar",50,3217,3051,166,12,0,0.952129313024557,17676.65,458756.685282523,150.362728706169
24,"Jacek","Bogucki","PiS",24,"1959-02-13","Jacek Bogucki",66,3217,2895,322,5,0,0.901460988498601,17676.65,458756.685282523,158.465176263393
26,"Krzysztof","Bojarski","KO",6,"1968-07-11","Krzysztof Bojarski",57,3217,3081,136,0,0,0.957724588125583,17676.65,458756.685282523,148.898632029381
27,"Joanna","Borowiak","PiS",5,"1967-08-20","Joanna Borowiak",58,3217,3181,36,3,0.2,0.989741995648119,21211.98,550508.022339027,173.061308500166
28,"Kamil","Bortniczuk","PiS",16,"1983-06-11","Kamil Bortniczuk",42,3217,2723,494,11,0.15,0.849860118122474,20328.1475,527570.188074901,193.745937596365
29,"Piotr","Borys","KO",1,"1976-01-11","Piotr Borys",49,3217,3113,104,1,0,0.967982592477463,17676.65,458756.685282523,147.368032535343
30,"Bożena","Borys-Szopa","PiS",29,"1954-03-11","Bożena Borys-Szopa",71,3217,3189,28,0,0,0.991296238731738,17676.65,458756.685282523,143.855969044378
31,"Marcin","Bosacki","KO",39,"1970-11-05","Marcin Bosacki",55,3217,2827,390,9,0,0.881566677028287,17676.65,458756.685282523,162.27686072958
32,"Karina","Bosak","Konfederacja",20,"1988-07-08","Karina Bosak",37,3217,2744,473,47,0,0.867578489275723,17676.65,458756.685282523,167.185380933864
33,"Krzysztof","Bosak","Konfederacja",24,"1982-06-13","Krzysztof Bosak",43,3217,2925,292,119,0,0.946223189306808,17676.65,458756.685282523,156.839892404281
36,"Agnieszka","Buczyńska","Polska2050",25,"1986-09-22","Agnieszka Buczyńska",39,3217,2503,714,30,0,0.78737954616102,17676.65,458756.685282523,183.282734831212
39,"Elżbieta","Burkiewicz","Polska2050",23,"1964-10-17","Elżbieta Burkiewicz",61,3217,3109,108,7,0.15,0.968604289710911,20328.1475,527570.188074901,169.691279535189
40,"Lidia","Burzyńska","PiS",28,"1964-08-27","Lidia Burzyńska",61,3217,3172,45,4,0,0.98725520671433,17676.65,458756.685282523,144.626949962964
41,"Marek","Chmielewski","KO",2,"1962-05-06","Marek Chmielewski",63,3217,3213,4,0,0.15,0.998756605533105,20328.1475,527570.188074901,164.198626851821
42,"Zbigniew","Chmielowiec","PiS",23,"1954-09-22","Zbigniew Chmielowiec",71,3217,3062,155,8,0,0.954305253341623,17676.65,458756.685282523,149.822562143215
43,"Artur","Chojecki","PiS",35,"1974-04-19","Artur Chojecki",51,3217,3126,91,1,0,0.972023624494871,17676.65,458756.685282523,146.755177633565
44,"Kazimierz","Choma","PiS",6,"1957-12-16","Kazimierz Choma",67,3217,3167,50,1,0,0.984768417780541,17676.65,458756.685282523,144.855284269821
45,"Dominika","Chorosińska","PiS",20,"1978-12-29","Dominika Chorosińska",46,3217,2898,319,12,0,0.904569474665838,17676.65,458756.685282523,158.301133637862
46,"Tadeusz","Chrzan","PiS",22,"1963-09-14","Tadeusz Chrzan",62,3217,2963,254,8,0,0.923531240285981,17676.65,458756.685282523,154.828445927277
47,"Alicja","Chybicka","KO",3,"1951-05-10","Alicja Chybicka",74,3217,3210,7,2,0.15,0.998445756916382,20328.1475,527570.188074901,164.35208351243
48,"Anna","Cicholska","PiS",16,"1962-02-07","Anna Cicholska",63,3217,2624,593,21,0,0.822194591234069,17676.65,458756.685282523,174.831053842425
49,"Janusz","Cichoń","KO",35,"1957-01-07","Janusz Cichoń",68,3217,3161,56,5,0.2,0.984146720547094,21211.98,550508.022339027,174.156286725412
50,"Krzysztof","Ciecióra","PiS",10,"1989-06-27","Krzysztof Ciecióra",36,3217,3151,66,2,0.15,0.980105688529686,20328.1475,527570.188074901,167.429447183403
51,"Janusz","Cieszyński","PiS",35,"1988-05-06","Janusz Cieszyński",37,3217,2703,514,9,0,0.843021448554554,17676.65,458756.685282523,169.72130421107
52,"Michał","Cieślak","PiS",33,"1974-12-09","Michał Cieślak",51,3217,2835,382,17,0,0.886540254895866,17676.65,458756.685282523,161.818936607592
53,"Żaneta","Cwalina-Śliwowska","Polska2050",18,"1978-12-10","Żaneta Cwalina-Śliwowska",47,3217,3071,146,3,0,0.955548647808517,17676.65,458756.685282523,149.38348592723
54,"Krzysztof","Czarnecki","PiS",38,"1957-10-25","Krzysztof Czarnecki",68,3217,3158,59,3,0,0.982592477463475,17676.65,458756.685282523,145.268108069197
55,"Witold","Czarnecki","PiS",37,"1953-04-12","Witold Czarnecki",72,3217,2920,297,21,0,0.914205781784271,17676.65,458756.685282523,157.108453863878
56,"Przemysław","Czarnek","PiS",6,"1977-06-11","Przemysław Czarnek",48,3217,2778,439,4,0,0.86478085172521,17676.65,458756.685282523,165.139195566063
57,"Arkadiusz","Czartoryski","PiS",18,"1966-04-14","Arkadiusz Czartoryski",59,3217,3149,68,2,0,0.979483991296239,17676.65,458756.685282523,145.683291610836
58,"Włodzimierz","Czarzasty","Lewica",32,"1960-05-03","Włodzimierz Czarzasty",65,3217,2721,496,119,0,0.882810071495182,17676.65,458756.685282523,168.598561294569
59,"Jacek","Czerniak","Lewica",6,"1964-08-30","Jacek Czerniak",61,3217,3099,118,8,0,0.965806652160398,17676.65,458756.685282523,148.03378034286
60,"Zofia","Czernow","KO",1,"1950-09-30","Zofia Czernow",75,3217,3215,2,1,0.15,0.999689151383276,20328.1475,527570.188074901,164.096481516299
61,"Anita","Czerwińska","PiS",20,"1970-01-13","Anita Czerwińska",55,3217,2913,304,7,0,0.907677960833074,17676.65,458756.685282523,157.48598876846
62,"Katarzyna","Czochara","PiS",21,"1969-11-03","Katarzyna Czochara",56,3217,2066,1151,53,0,0.658688218837426,17676.65,458756.685282523,222.05067051429
63,"Sławomir","Ćwik","Polska2050",7,"1972-01-21","Sławomir Ćwik",53,3217,3196,21,0,0.15,0.993472179048803,20328.1475,527570.188074901,165.072023803161
64,"Władysław","Dajczak","PiS",8,"1959-07-10","Władysław Dajczak",66,3217,2900,317,13,0,0.905502020516009,17676.65,458756.685282523,158.191960442249
65,"Anna","Dąbrowska-Banaszek","PiS",7,"1961-04-14","Anna Dąbrowska-Banaszek",64,3217,3202,15,0,0,0.995337270749145,17676.65,458756.685282523,143.271919201288
66,"Zbigniew","Dolata","PiS",37,"1965-12-01","Zbigniew Dolata",60,3217,3133,84,2,0,0.97451041342866,17676.65,458756.685282523,146.427285439682
67,"Barbara","Dolniak","KO",32,"1960-09-12","Barbara Dolniak",65,3217,3206,11,1,0.2,0.996891513832763,21211.98,550508.022339027,171.711797360894
68,"Andrzej","Domański","KO",19,"1981-08-27","Andrzej Domański",44,3217,2986,231,18,0,0.933789244637861,17676.65,458756.685282523,153.635862452285
69,"Bartłomiej","Dorywalski","PiS",33,"1979-08-16","Bartłomiej Dorywalski",46,3217,3197,20,0,0,0.993783027665527,17676.65,458756.685282523,143.495991642954
70,"Robert","Dowhan","KO",8,"1967-07-14","Robert Dowhan",58,3217,2623,594,25,0,0.82312713708424,17676.65,458756.685282523,174.897706931957
71,"Przemysław","Drabek","PiS",27,"1979-10-02","Przemysław Drabek",46,3217,3103,114,2,0,0.96518495492695,17676.65,458756.685282523,147.842953684345
72,"Elżbieta","Duda","PiS",13,"1962-11-20","Elżbieta Duda",63,3217,3042,175,7,0,0.947777432390426,17676.65,458756.685282523,150.807588850271
74,"Adam","Dziedzic","PSL-TD",23,"1969-09-26","Adam Dziedzic",56,3217,3100,117,8,0.15,0.966117500777122,20328.1475,527570.188074901,170.183931637065
75,"Jan","Dziedziczak","PiS",36,"1981-08-03","Jan Dziedziczak",44,3217,2607,610,13,0.15,0.814423375815978,20328.1475,527570.188074901,202.366777167204
76,"Agnieszka","Dziemianowicz-Bąk","Lewica",26,"1984-01-20","Agnieszka Dziemianowicz-Bąk",41,3217,3125,92,2,0,0.972023624494871,17676.65,458756.685282523,146.802139290407
77,"Magdalena","Filiks","KO",41,"1978-12-08","Magdalena Filiks",47,3217,2343,874,18,0.2,0.733913584084551,21211.98,550508.022339027,234.95860961973
78,"Magdalena","Filipek-Sobczak","PiS",6,"1983-09-07","Magdalena Filipek-Sobczak",42,3217,3177,40,2,0,0.988187752564501,17676.65,458756.685282523,144.399334366548
79,"Radosław","Fogiel","PiS",17,"1982-02-16","Radosław Fogiel",43,3217,2725,492,15,0.15,0.851725209822816,20328.1475,527570.188074901,193.603738743083
80,"Bronisław","Foltyn","Konfederacja",27,"1974-08-12","Bronisław Foltyn",51,3217,3038,179,3,0,0.945290643456637,17676.65,458756.685282523,151.006150520909
81,"Roman","Fritz","Konfederacja_KP",30,"1966-01-03","Roman Fritz",59,3217,3015,202,1,0,0.937519428038545,17676.65,458756.685282523,152.158104571318
82,"Joanna","Frydrych","KO",22,"1978-01-13","Joanna Frydrych",47,3217,3213,4,0,0.15,0.998756605533105,20328.1475,527570.188074901,164.198626851821
83,"Konrad","Frysztak","KO",17,"1986-02-15","Konrad Frysztak",39,3217,3116,101,5,0.15,0.970158532794529,20328.1475,527570.188074901,169.310073194769
84,"Patryk","Gabriel","KO",25,"1977-03-29","Patryk Gabriel",48,3217,3201,16,2,0.15,0.995648119365869,20328.1475,527570.188074901,164.814179342362
85,"Krzysztof","Gadowski","KO",30,"1962-08-14","Krzysztof Gadowski",63,3217,3137,80,2,0.15,0.975753807895555,20328.1475,527570.188074901,168.176661802646
86,"Aleksandra","Gajewska","KO",19,"1989-08-22","Aleksandra Gajewska",36,3217,3134,83,13,0,0.978240596829344,17676.65,458756.685282523,146.380563268195
87,"Kinga","Gajewska","KO",20,"1990-07-22","Kinga Gajewska",35,3217,3164,53,8,0.15,0.986011812247436,20328.1475,527570.188074901,166.741525940234
88,"Elżbieta","Gapińska","KO",16,"1960-10-03","Elżbieta Gapińska",65,3217,3214,3,0,0.15,0.999067454149829,20328.1475,527570.188074901,164.147538293373
90,"Krzysztof","Gawkowski","Lewica",4,"1980-04-11","Krzysztof Gawkowski",45,3217,3059,158,6,0,0.952751010258004,17676.65,458756.685282523,149.969495025343
91,"Zdzisław","Gawlik","KO",23,"1960-09-12","Zdzisław Gawlik",65,3217,3180,37,4,0.2,0.989741995648119,21211.98,550508.022339027,173.115730295292
92,"Andrzej","Gawron","PiS",28,"1965-01-06","Andrzej Gawron",60,3217,2986,231,7,0,0.930369909853901,17676.65,458756.685282523,153.635862452285
93,"Grzegorz","Gaża","PiS",27,"1972-03-23","Grzegorz Gaża",53,3217,2772,445,16,0,0.866645943425552,17676.65,458756.685282523,165.49663971231
94,"Elżbieta","Gelert","KO",34,"1955-04-22","Elżbieta Gelert",70,3217,3154,63,3,0.15,0.981349082996581,20328.1475,527570.188074901,167.270192794832
95,"Anna","Gembicka","PiS",5,"1991-11-07","Anna Gembicka",34,3217,2959,258,13,0.15,0.923842088902704,20328.1475,527570.188074901,178.293405905678
96,"Artur","Gierada","KO",33,"1979-04-21","Artur Gierada",46,3217,3158,59,9,0.15,0.984457569163817,20328.1475,527570.188074901,167.058324279576
97,"Roman","Giertych","KO",33,"1971-02-27","Roman Giertych",54,3217,2880,337,7,0,0.897419956481194,17676.65,458756.685282523,159.290515723098
98,"Włodzisław","Giziński","KO",4,"1952-10-19","Włodzisław Giziński",73,3217,3121,96,4,0,0.971401927261424,17676.65,458756.685282523,146.990286857585
99,"Szymon","Giżyński","PiS",28,"1956-03-08","Szymon Giżyński",69,3217,2966,251,13,0,0.92601802921977,17676.65,458756.685282523,154.671842644141
100,"Piotr","Gliński","PiS",19,"1954-04-20","Piotr Gliński",71,3217,3096,121,4,0.15,0.963630711843332,20328.1475,527570.188074901,170.403807517733
101,"Tomasz","Głogowski","KO",29,"1974-12-30","Tomasz Głogowski",50,3217,3147,70,3,0.15,0.979173142679515,20328.1475,527570.188074901,167.642258682841
102,"Piotr","Głowski","KO",38,"1967-07-22","Piotr Głowski",58,3217,3149,68,4,0.15,0.980105688529686,20328.1475,527570.188074901,167.535785352462
103,"Marta","Golbik","KO",29,"1985-04-14","Marta Golbik",40,3217,3198,19,0,0.2,0.99409387628225,21211.98,550508.022339027,172.141345321772
104,"Małgorzata","Golińska","PiS",40,"1980-10-30","Małgorzata Golińska",45,3217,3071,146,2,0,0.955237799191794,17676.65,458756.685282523,149.38348592723
105,"Kazimierz","Gołojuch","PiS",23,"1964-02-05","Kazimierz Gołojuch",61,3217,3049,168,4,0,0.94902082685732,17676.65,458756.685282523,150.46135955478
106,"Adam","Gomoła","Polska2050",21,"1999-01-20","Adam Gomoła",26,3217,2999,218,5,0.15,0.933789244637861,20328.1475,527570.188074901,175.915367814239
107,"Robert","Gontarz","PiS",34,"1993-07-02","Robert Gontarz",32,3217,3125,92,1,0,0.971712775878147,17676.65,458756.685282523,146.802139290407
108,"Stanisław","Gorczyca","KO",34,"1958-07-27","Stanisław Gorczyca",67,3217,3179,38,0,0.15,0.988187752564501,20328.1475,527570.188074901,165.954761898365
109,"Mariusz","Gosek","PiS",33,"1982-08-20","Mariusz Gosek",43,3217,3108,109,0,0.15,0.966117500777122,20328.1475,527570.188074901,169.745877758977
110,"Daria","Gosek-Popiołek","Lewica",13,"1985-04-16","Daria Gosek-Popiołek",40,3217,2946,271,17,0.15,0.921044451352191,20328.1475,527570.188074901,179.080172462628
112,"Piotr","Górnikiewicz","Polska2050",15,"1972-07-09","Piotr Górnikiewicz",53,3217,3142,75,2,0,0.977308050979173,17676.65,458756.685282523,146.007856550771
113,"Agnieszka","Górska","PiS",17,"1976-01-01","Agnieszka Górska",49,3217,2866,351,17,0,0.896176562014299,17676.65,458756.685282523,160.068627104858
114,"Krzysztof","Grabczuk","KO",7,"1962-04-22","Krzysztof Grabczuk",63,3217,3104,113,4,0.15,0.966117500777122,20328.1475,527570.188074901,169.964622446811
115,"Jan","Grabiec","KO",20,"1972-11-02","Jan Grabiec",53,3217,2652,565,40,0,0.836804476220081,17676.65,458756.685282523,172.985175445899
116,"Marcin","Grabowski","PiS",18,"1981-04-06","Marcin Grabowski",44,3217,3183,34,0,0,0.989431147031396,17676.65,458756.685282523,144.127139579806
117,"Michał","Gramatyka","Polska2050",31,"1971-10-08","Michał Gramatyka",54,3217,3121,96,0,0,0.970158532794529,17676.65,458756.685282523,146.990286857585
118,"Małgorzata","Gromadzka","KO",7,"1985-03-24","Małgorzata Gromadzka",40,3217,3169,48,3,0,0.986011812247436,17676.65,458756.685282523,144.763864084103
119,"Marek","Gróbarczyk","PiS",41,"1968-03-13","Marek Gróbarczyk",57,3217,3169,48,4,0,0.986322660864159,17676.65,458756.685282523,144.763864084103
120,"Andrzej","Grzyb","PSL-TD",36,"1956-08-23","Andrzej Grzyb",69,3217,2820,397,5,0.2,0.878147342244327,21211.98,550508.022339027,195.21561075852
121,"Andrzej","Gut-Mostowy","PiS",14,"1960-10-30","Andrzej Gut-Mostowy",65,3217,2663,554,13,0,0.831830898352502,17676.65,458756.685282523,172.270629095953
122,"Kazimierz","Gwiazdowski","PiS",24,"1962-06-10","Kazimierz Gwiazdowski",63,3217,3041,176,5,0.15,0.946844886540255,20328.1475,527570.188074901,173.485757341303
123,"Marcin","Gwóźdź","PiS",2,"1977-12-14","Marcin Gwóźdź",48,3217,3179,38,0,0,0.988187752564501,17676.65,458756.685282523,144.308488607274
124,"Marek","Gzik","KO",29,"1971-09-03","Marek Gzik",54,3217,3165,52,0,0,0.98383587193037,17676.65,458756.685282523,144.946819994478
125,"Krzysztof","Habura","KO",11,"1956-06-02","Krzysztof Habura",69,3217,3019,198,7,0,0.940627914205782,17676.65,458756.685282523,151.95650390279
126,"Agnieszka","Hanajczyk","KO",11,"1963-01-12","Agnieszka Hanajczyk",62,3217,3143,74,4,0.15,0.978240596829344,20328.1475,527570.188074901,167.855611859657
127,"Iwona","Hartwich","KO",5,"1970-09-06","Iwona Hartwich",55,3217,3212,5,0,0,0.998445756916382,17676.65,458756.685282523,142.82586714898
128,"Paulina","Hennig-Kloska","Polska2050",37,"1977-10-05","Paulina Hennig-Kloska",48,3217,3169,48,5,0,0.986633509480883,17676.65,458756.685282523,144.763864084103
130,"Czesław","Hoc","PiS",40,"1954-02-22","Czesław Hoc",71,3217,3162,55,4,0,0.984146720547094,17676.65,458756.685282523,145.08434069656
131,"Zbigniew","Hoffmann","PiS",37,"1963-07-05","Zbigniew Hoffmann",62,3217,3136,81,1,0,0.975132110662108,17676.65,458756.685282523,146.287208317131
132,"Marek","Hok","KO",40,"1953-06-15","Marek Hok",72,3217,3125,92,2,0.15,0.972023624494871,20328.1475,527570.188074901,168.822460183968
133,"Szymon","Hołownia","Polska2050",24,"1976-09-03","Szymon Hołownia",49,3217,3008,209,119,0,0.972023624494871,17676.65,458756.685282523,152.512195905094
134,"Marcin","Horała","PiS",26,"1981-10-02","Marcin Horała",44,3217,2950,267,0,0,0.917003419334784,17676.65,458756.685282523,155.510740773737
135,"Łukasz","Horbatowski","KO",1,"1980-05-14","Łukasz Horbatowski",45,3217,3169,48,0,0.15,0.985079266397265,20328.1475,527570.188074901,166.478443696719
136,"Paweł","Hreniak","PiS",3,"1979-09-09","Paweł Hreniak",46,3217,3162,55,2,0.15,0.983525023313646,20328.1475,527570.188074901,166.846991801044
137,"Paweł","Jabłoński","PiS",30,"1986-01-25","Paweł Jabłoński",39,3217,2915,302,10,0,0.909232203916693,17676.65,458756.685282523,157.377936632083
138,"Klaudia","Jachira","KO",19,"1988-05-31","Klaudia Jachira",37,3217,3112,105,1,0,0.96767174386074,17676.65,458756.685282523,147.415387301582
139,"Marek","Jakubiak","Republikanie",19,"1959-04-30","Marek Jakubiak",66,3217,2867,350,9,0,0.894000621697233,17676.65,458756.685282523,160.012795703705
140,"Maria","Janyska","KO",38,"1962-01-16","Maria Janyska",63,3217,3145,72,2,0.2,0.978240596829344,21211.98,550508.022339027,175.042296451201
141,"Michał","Jaros","KO",3,"1981-01-26","Michał Jaros",44,3217,3122,95,4,0,0.971712775878147,17676.65,458756.685282523,146.943204766984
142,"Patryk","Jaskulski","KO",41,"1990-08-18","Patryk Jaskulski",35,3217,3098,119,3,0.15,0.963941560460056,20328.1475,527570.188074901,170.293798603906
143,"Danuta","Jazłowiecka","KO",21,"1957-05-19","Danuta Jazłowiecka",68,3217,984,2233,70,0,0.327634442026733,17676.65,458756.685282523,466.2161435798
145,"Marcin","Józefaciuk","niez.",9,"1982-10-17","Marcin Józefaciuk",43,3217,3207,10,1,0,0.997202362449487,17676.65,458756.685282523,143.0485454576
146,"Norbert","Kaczmarczyk","PiS",15,"1989-11-16","Norbert Kaczmarczyk",36,3217,3187,30,2,0.15,0.991296238731738,20328.1475,527570.188074901,165.538182640383
147,"Filip","Kaczyński","PiS",12,"1987-11-19","Filip Kaczyński",38,3217,3153,64,4,0,0.981349082996581,17676.65,458756.685282523,145.498472972573
148,"Jarosław","Kaczyński","PiS",33,"1949-06-18","Jarosław Kaczyński",76,3217,2647,570,23,0,0.82996580665216,17676.65,458756.685282523,173.311932483008
149,"Piotr","Kaleta","PiS",36,"1968-06-25","Piotr Kaleta",57,3217,3201,16,1,0,0.995337270749145,17676.65,458756.685282523,143.316677689011
150,"Sebastian","Kaleta","PiS",19,"1989-07-29","Sebastian Kaleta",36,3217,2996,221,5,0,0.93285669878769,17676.65,458756.685282523,153.123059173072
151,"Mariusz","Kałużny","PiS",5,"1986-08-10","Mariusz Kałużny",39,3217,2714,503,24,0,0.851103512589369,17676.65,458756.685282523,169.033413884496
153,"Piotr","Kandyba","KO",20,"1969-10-13","Piotr Kandyba",56,3217,3205,12,1,0,0.99658066521604,17676.65,458756.685282523,143.1378113206
154,"Jan","Kanthak","PiS",6,"1991-09-20","Jan Kanthak",34,3217,3026,191,3,0,0.941560460055953,17676.65,458756.685282523,151.604985222248
155,"Fryderyk","Kapinos","PiS",23,"1961-12-31","Fryderyk Kapinos",63,3217,2974,243,7,0,0.926639726453217,17676.65,458756.685282523,154.25577850791
156,"Jacek","Karnowski","KO",25,"1963-08-16","Jacek Karnowski",62,3217,3126,91,3,0,0.972645321728318,17676.65,458756.685282523,146.755177633565
157,"Iwona","Karolewska","KO",4,"1974-03-11","Iwona Karolewska",51,3217,2996,221,5,0,0.93285669878769,17676.65,458756.685282523,153.123059173072
158,"Rafał","Kasprzyk","Polska2050",33,"1971-08-27","Rafał Kasprzyk",54,3217,3134,83,5,0.15,0.975753807895555,20328.1475,527570.188074901,168.337647758424
159,"Henryk","Kiepura","PSL-TD",28,"1969-11-10","Henryk Kiepura",56,3217,2981,236,8,0,0.929126515387007,17676.65,458756.685282523,153.893554271225
161,"Katarzyna","Kierzek-Koperska","KO",39,"1974-06-09","Katarzyna Kierzek-Koperska",51,3217,3039,178,8,0,0.947155735156979,17676.65,458756.685282523,150.956461099876
162,"Dariusz","Klimczak","PSL-TD",10,"1980-06-17","Dariusz Klimczak",45,3217,3143,74,9,0,0.979794839912962,17676.65,458756.685282523,145.961401617093
163,"Joanna","Kluzik-Rostkowska","KO",17,"1963-12-14","Joanna Kluzik-Rostkowska",61,3217,3205,12,1,0.15,0.99658066521604,20328.1475,527570.188074901,164.60848301869
164,"Agnieszka","Kłopotek","PSL-TD",4,"1969-07-09","Agnieszka Kłopotek",56,3217,3063,154,9,0.15,0.95492695057507,20328.1475,527570.188074901,172.239695747601
165,"Łukasz","Kmita","PiS",12,"1985-11-07","Łukasz Kmita",40,3217,2911,306,8,0,0.907367112216351,17676.65,458756.685282523,157.594189379087
167,"Maria","Koc","PiS",18,"1964-08-22","Maria Koc",61,3217,2804,413,12,0,0.875349704693814,17676.65,458756.685282523,163.60794767565
168,"Ewa","Kołodziej","KO",31,"1978-09-02","Ewa Kołodziej",47,3217,3211,6,0,0,0.998134908299658,17676.65,458756.685282523,142.870347331835
169,"Magdalena","Kołodziejczak","KO",25,"1958-06-19","Magdalena Kołodziejczak",67,3217,3202,15,4,0,0.99658066521604,17676.65,458756.685282523,143.271919201288
170,"Michał","Kołodziejczak","KO",37,"1988-09-14","Michał Kołodziejczak",37,3217,3026,191,14,0,0.944979794839913,17676.65,458756.685282523,151.604985222248
171,"Rafał","Komarewicz","Polska2050",13,"1971-06-10","Rafał Komarewicz",54,3217,3097,120,2,0.2,0.963319863226609,21211.98,550508.022339027,177.755254226357
172,"Maciej","Konieczny","Razem",31,"1980-10-14","Maciej Konieczny",45,3217,3034,183,3,0,0.944047248989742,17676.65,458756.685282523,151.205235755611
173,"Zbigniew","Konwiński","KO",26,"1974-03-24","Zbigniew Konwiński",51,3217,3216,1,0,0.2,0.999689151383276,21211.98,550508.022339027,171.177867642732
174,"Władysław","Kosiniak-Kamysz","PSL-TD",15,"1981-08-10","Władysław Kosiniak-Kamysz",44,3217,2589,628,18,0,0.81038234379857,17676.65,458756.685282523,177.194548197189
175,"Tomasz","Kostuś","KO",21,"1974-03-07","Tomasz Kostuś",51,3217,3213,4,1,0.15,0.999067454149829,20328.1475,527570.188074901,164.198626851821
176,"Andrzej","Kosztowniak","PiS",17,"1976-03-31","Andrzej Kosztowniak",49,3217,3026,191,6,0,0.942493005906124,17676.65,458756.685282523,151.604985222248
177,"Katarzyna","Kotula","Lewica",25,"1977-02-01","Katarzyna Kotula",48,3217,3114,103,3,0,0.968915138327634,17676.65,458756.685282523,147.320708183212
178,"Paweł","Kowal","KO",23,"1975-07-22","Paweł Kowal",50,3217,3153,64,4,0.2,0.981349082996581,21211.98,550508.022339027,174.598167567088
179,"Henryk","Kowalczyk","PiS",18,"1956-07-15","Henryk Kowalczyk",69,3217,3171,46,0,0.15,0.985700963630712,20328.1475,527570.188074901,166.373443101514
180,"Janusz","Kowalski","PiS",21,"1978-04-11","Janusz Kowalski",47,3217,2936,281,13,0.15,0.91669257071806,20328.1475,527570.188074901,179.690118554122
181,"Bartosz","Kownacki","PiS",4,"1979-08-11","Bartosz Kownacki",46,3217,2773,444,17,0.15,0.867267640658999,20328.1475,527570.188074901,190.252502010422
182,"Iwona","Kozłowska","KO",4,"1963-08-11","Iwona Kozłowska",62,3217,3170,47,4,0.15,0.986633509480883,20328.1475,527570.188074901,166.425926837508
183,"Stefan","Krajewski","PSL-TD",24,"1981-06-08","Stefan Krajewski",44,3217,3083,134,7,0,0.960522225676096,17676.65,458756.685282523,148.802038690406
184,"Wiesław","Krajewski","PiS",15,"1964-06-03","Wiesław Krajewski",61,3217,3006,211,7,0,0.936586882188374,17676.65,458756.685282523,152.613667758657
185,"Leonard","Krasulski","PiS",34,"1950-11-08","Leonard Krasulski",75,3217,3095,122,3,0,0.963009014609885,17676.65,458756.685282523,148.225100252835
186,"Iwona","Krawczyk","KO",1,"1965-07-19","Iwona Krawczyk",60,3217,3086,131,4,0,0.960522225676096,17676.65,458756.685282523,148.657383435685
187,"Michał","Krawczyk","KO",6,"1978-03-21","Michał Krawczyk",47,3217,3210,7,1,0.2,0.998134908299658,21211.98,550508.022339027,171.49782627384
188,"Robert","Kropiwnicki","KO",1,"1974-07-23","Robert Kropiwnicki",51,3217,3197,20,3,0,0.994715573515698,17676.65,458756.685282523,143.495991642954
189,"Piotr","Król","PiS",4,"1974-06-26","Piotr Król",51,3217,3179,38,1,0.15,0.988498601181225,20328.1475,527570.188074901,165.954761898365
190,"Wojciech","Król","KO",31,"1985-04-22","Wojciech Król",40,3217,3214,3,0,0.15,0.999067454149829,20328.1475,527570.188074901,164.147538293373
191,"Anna","Krupka","PiS",33,"1981-10-30","Anna Krupka",44,3217,3098,119,8,0.15,0.965495803543674,20328.1475,527570.188074901,170.293798603906
192,"Andrzej","Kryj","PiS",33,"1960-06-09","Andrzej Kryj",65,3217,2938,279,12,0,0.917003419334784,17676.65,458756.685282523,156.145910579484
193,"Mariusz","Krystian","PiS",12,"1976-09-18","Mariusz Krystian",49,3217,3008,209,4,0,0.936276033571651,17676.65,458756.685282523,152.512195905094
194,"Marek","Krząkała","KO",30,"1967-10-22","Marek Krząkała",58,3217,3215,2,0,0.15,0.999378302766553,20328.1475,527570.188074901,164.096481516299
195,"Adam","Krzemiński","KO",16,"1975-01-14","Adam Krzemiński",50,3217,3211,6,0,0,0.998134908299658,17676.65,458756.685282523,142.870347331835
196,"Henryka","Krzywonos-Strycharska","KO",26,"1953-03-27","Henryka Krzywonos-Strycharska",72,3217,2894,323,15,0,0.904258626049114,17676.65,458756.685282523,158.519932716836
197,"Krzysztof","Kubów","PiS",1,"1984-07-22","Krzysztof Kubów",41,3217,3186,31,0,0,0.990363692881567,17676.65,458756.685282523,143.991426642349
198,"Anita","Kucharska-Dziedzic","Lewica",8,"1972-01-21","Anita Kucharska-Dziedzic",53,3217,3079,138,4,0.15,0.95834628535903,20328.1475,527570.188074901,171.344653483242
199,"Marek","Kuchciński","PiS",22,"1955-08-09","Marek Kuchciński",70,3217,2819,398,11,0,0.879701585327945,17676.65,458756.685282523,162.737383924272
200,"Paweł","Kukiz","Republikanie",21,"1963-06-24","Paweł Kukiz",62,3217,2166,1051,43,0,0.686664594342555,17676.65,458756.685282523,211.799023676142
201,"Marcin","Kulasek","Lewica",35,"1976-04-04","Marcin Kulasek",49,3217,3121,96,5,0,0.971712775878147,17676.65,458756.685282523,146.990286857585
202,"Maria","Kurowska","PiS",22,"1954-06-03","Maria Kurowska",71,3217,3133,84,3,0,0.974821262045384,17676.65,458756.685282523,146.427285439682
203,"Władysław","Kurowski","PiS",12,"1960-04-14","Władysław Kurowski",65,3217,3032,185,6,0,0.944358097606466,17676.65,458756.685282523,151.304975357033
204,"Zbigniew","Kuźmiuk","PiS",17,"1956-09-19","Zbigniew Kuźmiuk",69,3217,3120,97,3,0,0.970780230027976,17676.65,458756.685282523,147.037399129014
205,"Anna","Kwiecień","PiS",17,"1964-09-30","Anna Kwiecień",61,3217,3098,119,8,0,0.965495803543674,17676.65,458756.685282523,148.081564003397
206,"Piotr","Lachowicz","KO",14,"1967-09-29","Piotr Lachowicz",58,3217,3200,17,3,0,0.995648119365869,17676.65,458756.685282523,143.361464150788
207,"Stanisław","Lamczyk","KO",26,"1957-08-12","Stanisław Lamczyk",68,3217,3137,80,0,0.15,0.975132110662108,20328.1475,527570.188074901,168.176661802646
208,"Maciej","Lasek","KO",20,"1967-06-15","Maciej Lasek",58,3217,3020,197,6,0,0.940627914205782,17676.65,458756.685282523,151.906187179643
209,"Gabriela","Lenartowicz","KO",30,"1960-12-12","Gabriela Lenartowicz",64,3217,3165,52,4,0.15,0.985079266397265,20328.1475,527570.188074901,166.68884299365
210,"Ewa","Leniart","PiS",23,"1976-08-27","Ewa Leniart",49,3217,2987,230,6,0,0.930369909853901,17676.65,458756.685282523,153.584427613834
211,"Aleksandra","Leo","Polska2050",2,"1981-03-28","Aleksandra Leo",44,3217,3118,99,4,0.15,0.970469381411253,20328.1475,527570.188074901,169.201471480084
212,"Izabela","Leszczyna","KO",28,"1962-09-03","Izabela Leszczyna",63,3217,3095,122,14,0,0.966428349393845,17676.65,458756.685282523,148.225100252835
213,"Joanna","Lichocka","PiS",11,"1969-11-21","Joanna Lichocka",56,3217,3053,164,0,0.15,0.94902082685732,20328.1475,527570.188074901,172.803861144743
214,"Krzysztof","Lipiec","PiS",33,"1959-10-11","Krzysztof Lipiec",66,3217,3028,189,13,0,0.945290643456637,17676.65,458756.685282523,151.504849829103
215,"Łukasz","Litewka","Lewica",32,"1989-05-09","Łukasz Litewka",36,3217,2894,323,5,0.15,0.901150139881878,20328.1475,527570.188074901,182.297922624361
216,"Grzegorz","Lorek","PiS",10,"1970-10-31","Grzegorz Lorek",55,3217,3184,33,0,0,0.989741995648119,17676.65,458756.685282523,144.08187351838
217,"Radosław","Lubczyk","PSL-TD",40,"1978-07-18","Radosław Lubczyk",47,3217,2958,259,8,0,0.921976997202362,17676.65,458756.685282523,155.090157296323
218,"Katarzyna","Lubnauer","KO",19,"1969-07-24","Katarzyna Lubnauer",56,3217,3204,13,1,0,0.996269816599316,17676.65,458756.685282523,143.182486043234
219,"Adam","Luboński","Polska2050",38,"1969-04-30","Adam Luboński",56,3217,3076,141,5,0,0.957724588125583,17676.65,458756.685282523,149.140664916295
220,"Artur","Łącki","KO",41,"1961-12-05","Artur Łącki",64,3217,3131,86,1,0.15,0.973577867578489,20328.1475,527570.188074901,168.498942214916
221,"Alicja","Łepkowska-Gołaś","KO",24,"1983-01-01","Alicja Łepkowska-Gołaś",42,3217,3124,93,4,0,0.972334473111595,17676.65,458756.685282523,146.849131012331
222,"Dorota","Łoboda","KO",19,"1975-08-19","Dorota Łoboda",50,3217,3204,13,0,0,0.995958967982592,17676.65,458756.685282523,143.182486043234
223,"Krystian","Łuczak","KO",5,"1975-01-16","Krystian Łuczak",50,3217,3215,2,0,0,0.999378302766553,17676.65,458756.685282523,142.692592622869
224,"Sebastian","Łukaszewicz","PiS",24,"1991-02-09","Sebastian Łukaszewicz",34,3217,2713,504,8,0,0.845819086105067,17676.65,458756.685282523,169.095718865655
225,"Marzena","Machałek","PiS",1,"1960-08-29","Marzena Machałek",65,3217,3002,215,10,0,0.936276033571651,17676.65,458756.685282523,152.817017082786
226,"Antoni","Macierewicz","PiS",10,"1948-08-03","Antoni Macierewicz",77,3217,2977,240,5,0,0.926950575069941,17676.65,458756.685282523,154.100330964905
228,"Ewa","Malik","PiS",32,"1961-01-11","Ewa Malik",64,3217,2336,881,34,0,0.736711221635064,17676.65,458756.685282523,196.385567329847
229,"Mirosław","Maliszewski","PSL-TD",17,"1968-02-28","Mirosław Maliszewski",57,3217,2928,289,16,0.2,0.915138327634442,21211.98,550508.022339027,188.015034951854
230,"Maciej","Małecki","PiS",16,"1974-10-09","Maciej Małecki",51,3217,3060,157,6,0,0.953061858874728,17676.65,458756.685282523,149.920485386445
231,"Arkadiusz","Marchewka","KO",41,"1986-01-18","Arkadiusz Marchewka",39,3217,3169,48,2,0,0.985700963630712,17676.65,458756.685282523,144.763864084103
233,"Dorota","Marek","KO",13,"1973-12-28","Dorota Marek",51,3217,3209,8,0,0.15,0.997513211066211,20328.1475,527570.188074901,164.403299493581
234,"Dariusz","Matecki","PiS",41,"1989-02-06","Dariusz Matecki",36,3217,2398,819,15,0,0.750077712154181,17676.65,458756.685282523,191.308042236248
235,"Jerzy","Materna","PiS",8,"1956-03-25","Jerzy Materna",69,3217,3121,96,8,0,0.972645321728318,17676.65,458756.685282523,146.990286857585
236,"Grzegorz","Matusiak","PiS",30,"1961-02-24","Grzegorz Matusiak",64,3217,2900,317,8,0,0.90394777743239,17676.65,458756.685282523,158.191960442249
237,"Katarzyna","Matusik-Lipiec","KO",13,"1975-06-29","Katarzyna Matusik-Lipiec",50,3217,3179,38,8,0,0.99067454149829,17676.65,458756.685282523,144.308488607274
238,"Marek","Matuszewski","PiS",11,"1959-08-14","Marek Matuszewski",66,3217,3162,55,4,0.15,0.984146720547094,20328.1475,527570.188074901,166.846991801044
239,"Paulina","Matysiak","niez.",11,"1984-10-02","Paulina Matysiak",41,3217,3140,77,0,0,0.976064656512278,17676.65,458756.685282523,146.100855185517
240,"Łukasz","Mejza","PiS",8,"1991-05-15","Łukasz Mejza",34,3217,2451,766,22,0,0.7687286291576,17676.65,458756.685282523,187.171230225428
241,"Sławomir","Mentzen","Konfederacja",19,"1986-11-20","Sławomir Mentzen",39,3217,1975,1242,27,0,0.622318930680758,17676.65,458756.685282523,232.281865965834
242,"Anna","Milczanowska","PiS",10,"1958-07-18","Anna Milczanowska",67,3217,2963,254,10,0,0.924152937519428,17676.65,458756.685282523,154.828445927277
243,"Daniel","Milewski","PiS",18,"1989-11-22","Daniel Milewski",36,3217,2715,502,25,0.15,0.851725209822816,20328.1475,527570.188074901,194.316828020221
246,"Mateusz","Morawiecki","PiS",31,"1968-06-20","Mateusz Morawiecki",57,3217,2266,951,10,0,0.70749145166304,17676.65,458756.685282523,202.452200036418
247,"Jan","Mosiński","PiS",36,"1956-12-19","Jan Mosiński",68,3217,2843,374,15,0.15,0.888405346596208,20328.1475,527570.188074901,185.568128060113
248,"Michał","Moskal","PiS",6,"1994-05-06","Michał Moskal",31,3217,2998,219,0,0,0.931924152937519,17676.65,458756.685282523,153.02090903353
249,"Czesław","Mroczek","KO",18,"1964-07-20","Czesław Mroczek",61,3217,3186,31,3,0,0.991296238731738,17676.65,458756.685282523,143.991426642349
250,"Aleksander","Mrówczyński","PiS",26,"1953-12-09","Aleksander Mrówczyński",71,3217,2070,1147,35,0,0.654336338203295,17676.65,458756.685282523,221.621587093006
252,"Joanna","Mucha","Polska2050",6,"1976-04-12","Joanna Mucha",49,3217,3019,198,10,0,0.941560460055953,17676.65,458756.685282523,151.95650390279
254,"Krzysztof","Mulawa","Konfederacja",18,"1985-06-24","Krzysztof Mulawa",40,3217,3050,167,6,0.15,0.949953372707491,20328.1475,527570.188074901,172.973832155705
256,"Arkadiusz","Myrcha","KO",5,"1984-02-01","Arkadiusz Myrcha",41,3217,3182,35,0,0,0.989120298414672,17676.65,458756.685282523,144.172434092559
257,"Grzegorz","Napieralski","KO",41,"1974-03-18","Grzegorz Napieralski",51,3217,3155,62,4,0.15,0.981970780230028,20328.1475,527570.188074901,167.217175301078
258,"Dorota","Niedziela","KO",12,"1964-08-20","Dorota Niedziela",61,3217,3125,92,119,0.2,1.00839291265154,21211.98,550508.022339027,176.162567148489
259,"Jacek","Niedźwiedzki","KO",24,"1975-06-13","Jacek Niedźwiedzki",50,3217,3201,16,0,0,0.995026422132422,17676.65,458756.685282523,143.316677689011
260,"Małgorzata","Niemczyk","KO",9,"1969-10-25","Małgorzata Niemczyk",56,3217,3205,12,0,0.15,0.996269816599316,20328.1475,527570.188074901,164.60848301869
261,"Jolanta","Niezgodzka","KO",3,"1991-02-26","Jolanta Niezgodzka",34,3217,3187,30,1,0,0.990985390115014,17676.65,458756.685282523,143.946245774246
262,"Sławomir","Nitras","KO",41,"1973-04-26","Sławomir Nitras",52,3217,2673,544,25,0,0.838669567920423,17676.65,458756.685282523,171.62614488684
263,"Barbara","Nowacka","KO",26,"1975-05-10","Barbara Nowacka",50,3217,2968,249,11,0,0.92601802921977,17676.65,458756.685282523,154.567616335082
264,"Maja","Nowak","Polska2050",8,"1987-07-07","Maja Nowak",38,3217,3138,79,2,0,0.976064656512278,17676.65,458756.685282523,146.193972365367
265,"Tomasz","Nowak","KO",37,"1956-12-22","Tomasz Nowak",68,3217,3153,64,2,0.15,0.980727385763133,20328.1475,527570.188074901,167.323243918459
266,"Wanda","Nowicka","Lewica",29,"1956-11-21","Wanda Nowicka",69,3217,2919,298,7,0,0.909543052533416,17676.65,458756.685282523,157.16227656133
267,"Urszula","Nowogórska","PSL-TD",14,"1978-09-29","Urszula Nowogórska",47,3217,3175,42,3,0.15,0.987876903947777,20328.1475,527570.188074901,166.163838763748
269,"Marcin","Ociepa","PiS",21,"1984-10-21","Marcin Ociepa",41,3217,3022,195,4,0,0.940627914205782,17676.65,458756.685282523,151.80565363419
270,"Marzena","Okła-Drewnowicz","KO",33,"1972-05-20","Marzena Okła-Drewnowicz",53,3217,3200,17,6,0,0.99658066521604,17676.65,458756.685282523,143.361464150788
271,"Barbara","Okuła","Polska2050",24,"1973-12-04","Barbara Okuła",52,3217,3212,5,0,0.15,0.998445756916382,20328.1475,527570.188074901,164.249747221327
272,"Barbara","Oliwiecka","Polska2050",36,"1977-01-07","Barbara Oliwiecka",48,3217,3122,95,1,0,0.970780230027976,17676.65,458756.685282523,146.943204766984
273,"Dorota","Olko","Lewica",19,"1988-01-13","Dorota Olko",37,3217,2973,244,11,0,0.927572272303388,17676.65,458756.685282523,154.307664070812
274,"Paweł","Olszewski","KO",4,"1979-12-11","Paweł Olszewski",46,3217,3126,91,6,0,0.973577867578489,17676.65,458756.685282523,146.755177633565
275,"Mirosław","Orliński","PSL-TD",16,"1986-07-21","Mirosław Orliński",39,3217,3205,12,1,0,0.99658066521604,17676.65,458756.685282523,143.1378113206
276,"Łukasz","Osmalak","Polska2050",30,"1977-06-17","Łukasz Osmalak",48,3217,3216,1,0,0.15,0.999689151383276,20328.1475,527570.188074901,164.045456490952
277,"Katarzyna","Osos","KO",8,"1980-11-17","Katarzyna Osos",45,3217,3094,123,11,0.15,0.96518495492695,20328.1475,527570.188074901,170.513958653814
278,"Jacek","Osuch","PiS",13,"1958-08-28","Jacek Osuch",67,3217,2683,534,20,0,0.840223811004041,17676.65,458756.685282523,170.986464883534
280,"Teresa","Pamuła","PiS",22,"1956-12-28","Teresa Pamuła",68,3217,3011,206,6,0,0.937830276655269,17676.65,458756.685282523,152.360240877623
281,"Paweł","Papke","KO",35,"1977-02-13","Paweł Papke",48,3217,3182,35,3,0,0.990052844264843,17676.65,458756.685282523,144.172434092559
282,"Urszula","Pasławska","PSL-TD",35,"1977-01-28","Urszula Pasławska",48,3217,2849,368,16,0.2,0.890581286913273,21211.98,550508.022339027,193.228509069508
283,"Krzysztof","Paszyk","PSL-TD",38,"1979-04-10","Krzysztof Paszyk",46,3217,2965,252,4,0,0.922909543052533,17676.65,458756.685282523,154.724008526989
284,"Karolina","Pawliczak","KO",36,"1976-06-25","Karolina Pawliczak",49,3217,3214,3,0,0.15,0.999067454149829,20328.1475,527570.188074901,164.147538293373
285,"Bartłomiej","Pejo","Konfederacja",6,"1985-04-04","Bartłomiej Pejo",40,3217,3088,129,10,0.2,0.963009014609885,21211.98,550508.022339027,178.273323296317
286,"Ryszard","Petru","Polska2050",19,"1972-07-06","Ryszard Petru",53,3217,2677,540,14,0.2,0.836493627603357,21211.98,550508.022339027,205.643639274945
287,"Małgorzata","Pępek","KO",27,"1961-06-10","Małgorzata Pępek",64,3217,3216,1,0,0.15,0.999689151383276,20328.1475,527570.188074901,164.045456490952
288,"Bolesław","Piecha","PiS",30,"1954-09-19","Bolesław Piecha",71,3217,2496,721,25,0,0.783649362760336,17676.65,458756.685282523,183.796748911267
289,"Grzegorz","Piechowiak","PiS",38,"1963-09-14","Grzegorz Piechowiak",62,3217,2800,417,14,0,0.874728007460367,17676.65,458756.685282523,163.841673315187
290,"Anna","Pieczarka","PiS",15,"1977-02-15","Anna Pieczarka",48,3217,3109,108,5,0.15,0.967982592477463,20328.1475,527570.188074901,169.691279535189
291,"Katarzyna","Piekarska","KO",19,"1967-09-23","Katarzyna Piekarska",58,3217,2762,455,18,0.15,0.864159154491763,20328.1475,527570.188074901,191.0102056752
292,"Norbert","Pietrykowski","Polska2050",4,"1973-12-17","Norbert Pietrykowski",51,3217,2749,468,3,0.15,0.8554553932235,20328.1475,527570.188074901,191.913491478684
293,"Lucjan","Pietrzczyk","KO",33,"1960-03-24","Lucjan Pietrzczyk",65,3217,3212,5,0,0,0.998445756916382,17676.65,458756.685282523,142.82586714898
294,"Dariusz","Piontkowski","PiS",24,"1964-12-17","Dariusz Piontkowski",60,3217,3041,176,7,0,0.947466583773702,17676.65,458756.685282523,150.857180296785
295,"Kazimierz","Plocke","KO",26,"1958-05-03","Kazimierz Plocke",67,3217,3200,17,2,0.2,0.995337270749145,21211.98,550508.022339027,172.033756980946
296,"Grzegorz","Płaczek","Konfederacja",31,"1978-05-13","Grzegorz Płaczek",47,3217,3137,80,2,0,0.975753807895555,17676.65,458756.685282523,146.240575480562
297,"Kacper","Płażyński","PiS",25,"1989-05-10","Kacper Płażyński",36,3217,2659,558,18,0.2,0.832141746969226,21211.98,550508.022339027,207.035736118476
298,"Szymon","Pogoda","PiS",1,"1985-09-22","Szymon Pogoda",40,3217,3157,60,1,0,0.981659931613304,17676.65,458756.685282523,145.314122674223
299,"Jerzy","Polaczek","PiS",31,"1961-08-24","Jerzy Polaczek",64,3217,3106,111,4,0,0.966739198010569,17676.65,458756.685282523,147.700156240349
300,"Elżbieta","Polak","KO",8,"1959-09-06","Elżbieta Polak",66,3217,3088,129,6,0,0.96176562014299,17676.65,458756.685282523,148.561102746931
301,"Piotr","Polak","PiS",11,"1961-01-20","Piotr Polak",64,3217,3187,30,0,0,0.99067454149829,17676.65,458756.685282523,143.946245774246
302,"Agnieszka","Pomaska","KO",25,"1980-01-08","Agnieszka Pomaska",45,3217,3083,134,3,0.2,0.959278831209201,21211.98,550508.022339027,178.562446428488
303,"Marcin","Porzucek","PiS",38,"1984-07-20","Marcin Porzucek",41,3217,3114,103,7,0,0.970158532794529,17676.65,458756.685282523,147.320708183212
306,"Grzegorz","Puda","PiS",27,"1982-07-13","Grzegorz Puda",43,3217,3052,165,2,0,0.949331675474044,17676.65,458756.685282523,150.313461757052
307,"Michał","Pyrzyk","PSL-TD",37,"1975-06-07","Michał Pyrzyk",50,3217,3153,64,1,0.15,0.98041653714641,20328.1475,527570.188074901,167.323243918459
308,"Renata","Rak","KO",40,"1973-06-29","Renata Rak",52,3217,3207,10,1,0,0.997202362449487,17676.65,458756.685282523,143.0485454576
309,"Ireneusz","Raś","PSL-TD",13,"1972-09-30","Ireneusz Raś",53,3217,2822,395,13,0,0.881255828411564,17676.65,458756.685282523,162.564381744338
310,"Zbigniew","Rau","PiS",9,"1955-02-03","Zbigniew Rau",70,3217,2567,650,20,0,0.804165371464097,17676.65,458756.685282523,178.713161387816
311,"Marcin","Romanowski","PiS",7,"1976-01-20","Marcin Romanowski",49,3217,665,2552,17,0,0.211998756605533,17676.65,458756.685282523,689.859677116576
312,"Bartosz","Romowicz","Polska2050",22,"1988-06-14","Bartosz Romowicz",37,3217,3072,145,5,0.15,0.956481193658688,20328.1475,527570.188074901,171.735087263965
313,"Monika","Rosa","KO",31,"1986-04-24","Monika Rosa",39,3217,3205,12,1,0.2,0.99658066521604,21211.98,550508.022339027,171.76537358472
314,"Wiesław","Różyński","PSL-TD",7,"1968-06-26","Wiesław Różyński",57,3217,3089,128,5,0.15,0.96176562014299,20328.1475,527570.188074901,170.789960529266
315,"Urszula","Rusecka","PiS",15,"1966-09-11","Urszula Rusecka",59,3217,3046,171,9,0.15,0.949642524090768,20328.1475,527570.188074901,173.200980983224
317,"Jakub","Rutnicki","KO",38,"1978-12-03","Jakub Rutnicki",47,3217,3069,148,0,0,0.953994404724899,17676.65,458756.685282523,149.480835869183
318,"Paweł","Rychlik","PiS",11,"1986-12-16","Paweł Rychlik",39,3217,3002,215,12,0,0.936897730805098,17676.65,458756.685282523,152.817017082786
319,"Marek","Rząsa","KO",22,"1957-10-04","Marek Rząsa",68,3217,3211,6,0,0.15,0.998134908299658,20328.1475,527570.188074901,164.30089943161
320,"Jarosław","Rzepa","PSL-TD",41,"1972-08-22","Jarosław Rzepa",53,3217,3083,134,9,0.15,0.961143922909543,20328.1475,527570.188074901,171.122344493967
321,"Jarosław","Sachajko","Republikanie",7,"1971-10-08","Jarosław Sachajko",54,3217,3012,205,4,0,0.937519428038545,17676.65,458756.685282523,152.309656468301
322,"Paweł","Sałek","PiS",10,"1975-06-29","Paweł Sałek",50,3217,3162,55,3,0.15,0.98383587193037,20328.1475,527570.188074901,166.846991801044
324,"Tadeusz","Samborski","PSL-TD",1,"1945-08-08","Tadeusz Samborski",80,3217,3102,115,7,0,0.966428349393845,17676.65,458756.685282523,147.890614211
325,"Jacek","Sasin","PiS",24,"1969-11-06","Jacek Sasin",56,3217,2973,244,5,0,0.925707180603046,17676.65,458756.685282523,154.307664070812
326,"Marek","Sawicki","PSL-TD",18,"1958-04-08","Marek Sawicki",67,3217,3164,53,2,0.2,0.984146720547094,21211.98,550508.022339027,173.991157502853
327,"Ewa","Schädler","Polska2050",39,"1968-09-13","Ewa Schädler",57,3217,3093,124,2,0.2,0.962076468759714,21211.98,550508.022339027,177.985134930174
329,"Anna","Schmidt","PiS",22,"1978-11-11","Anna Schmidt",47,3217,2576,641,30,0,0.810071495181846,17676.65,458756.685282523,178.088775342594
330,"Łukasz","Schreiber","PiS",4,"1987-05-26","Łukasz Schreiber",38,3217,3068,149,4,0,0.95492695057507,17676.65,458756.685282523,149.529558436285
331,"Jarosław","Sellin","PiS",25,"1963-05-01","Jarosław Sellin",62,3217,3157,60,1,0,0.981659931613304,17676.65,458756.685282523,145.314122674223
332,"Olga","Semeniuk-Patkowska","PiS",35,"1988-12-05","Olga Semeniuk-Patkowska",37,3217,3123,94,8,0,0.973267018961766,17676.65,458756.685282523,146.896152828217
333,"Edward","Siarka","PiS",14,"1963-07-07","Edward Siarka",62,3217,2929,288,12,0,0.914205781784271,17676.65,458756.685282523,156.625703408168
334,"Krystyna","Sibińska","KO",8,"1962-06-12","Krystyna Sibińska",63,3217,3016,201,5,0.15,0.939073671122164,20328.1475,527570.188074901,174.923802412103
335,"Czesław","Siekierski","PSL-TD",33,"1952-10-08","Czesław Siekierski",73,3217,2436,781,13,0,0.761268262356232,17676.65,458756.685282523,188.323762431249
336,"Rafał","Siemaszko","KO",26,"1986-09-11","Rafał Siemaszko",39,3217,3207,10,0,0,0.996891513832763,17676.65,458756.685282523,143.0485454576
337,"Tomasz","Siemoniak","KO",21,"1967-07-02","Tomasz Siemoniak",58,3217,3143,74,12,0,0.980727385763133,17676.65,458756.685282523,145.961401617093
339,"Arkadiusz","Sikora","Lewica",1,"1973-06-20","Arkadiusz Sikora",52,3217,3077,140,4,0.15,0.957724588125583,20328.1475,527570.188074901,171.456024723725
340,"Włodzimierz","Skalik","Konfederacja_KP",21,"1959-06-10","Włodzimierz Skalik",66,3217,3116,101,1,0,0.968915138327634,17676.65,458756.685282523,147.226150604147
341,"Marcin","Skonieczka","Polska2050",5,"1978-11-09","Marcin Skonieczka",47,3217,3209,8,1,0.15,0.997824059682934,20328.1475,527570.188074901,164.403299493581
342,"Krystyna","Skowrońska","KO",23,"1954-07-22","Krystyna Skowrońska",71,3217,3209,8,0,0.15,0.997513211066211,20328.1475,527570.188074901,164.403299493581
343,"Sławomir","Skwarek","PiS",6,"1963-11-25","Sławomir Skwarek",62,3217,3087,130,4,0,0.960833074292819,17676.65,458756.685282523,148.609227496768
344,"Waldemar","Sługocki","KO",8,"1971-09-09","Waldemar Sługocki",54,3217,3040,177,8,0.15,0.947466583773702,20328.1475,527570.188074901,173.542825024639
345,"Weronika","Smarduch","KO",14,"1990-04-08","Weronika Smarduch",35,3217,3170,47,3,0,0.986322660864159,17676.65,458756.685282523,144.718197250007
346,"Kazimierz","Smoliński","PiS",25,"1955-07-15","Kazimierz Smoliński",70,3217,3167,50,2,0.15,0.985079266397265,20328.1475,527570.188074901,166.583576910294
347,"Anna","Sobolak","KO",3,"1979-11-02","Anna Sobolak",46,3217,3187,30,1,0,0.990985390115014,17676.65,458756.685282523,143.946245774246
348,"Krzysztof","Sobolewski","PiS",23,"1978-09-20","Krzysztof Sobolewski",47,3217,3063,154,3,0,0.953061858874728,17676.65,458756.685282523,149.773648476175
350,"Agnieszka","Soin","PiS",3,"1977-02-09","Agnieszka Soin",48,3217,2920,297,22,0,0.914516630400995,17676.65,458756.685282523,157.108453863878
351,"Zbigniew","Sosnowski","PSL-TD",5,"1963-12-10","Zbigniew Sosnowski",62,3217,3182,35,1,0.15,0.989431147031396,20328.1475,527570.188074901,165.798299206443
352,"Marek","Sowa","KO",12,"1967-02-04","Marek Sowa",58,3217,3199,18,0,0.2,0.994404724898974,21211.98,550508.022339027,172.087534335426
353,"Katarzyna","Sójka","PiS",36,"1986-02-05","Katarzyna Sójka",39,3217,2820,397,21,0.15,0.883120920111905,20328.1475,527570.188074901,187.081626976915
354,"Magdalena","Sroka","PSL-TD",25,"1979-07-15","Magdalena Sroka",46,3217,3144,73,3,0.2,0.978240596829344,21211.98,550508.022339027,175.097971481879
355,"Mirosława","Stachowiak-Różecka","PiS",3,"1973-07-08","Mirosława Stachowiak-Różecka",52,3217,3151,66,2,0.15,0.980105688529686,20328.1475,527570.188074901,167.429447183403
356,"Dariusz","Stefaniuk","PiS",7,"1981-05-10","Dariusz Stefaniuk",44,3217,3001,216,6,0.15,0.934721790488032,20328.1475,527570.188074901,175.79812998164
357,"Franciszek","Sterczewski","KO",39,"1988-03-17","Franciszek Sterczewski",37,3217,2758,459,0,0,0.857320484923842,17676.65,458756.685282523,166.336724177855
358,"Piotr","Strach","Polska2050",29,"1982-01-10","Piotr Strach",43,3217,2834,383,6,0.15,0.882810071495182,20328.1475,527570.188074901,186.157441099118
359,"Mirosław","Suchoń","Polska2050",27,"1976-01-10","Mirosław Suchoń",49,3217,3051,166,4,0.2,0.949642524090768,21211.98,550508.022339027,180.435274447403
360,"Marek","Suski","PiS",17,"1958-06-11","Marek Suski",67,3217,2954,263,9,0.2,0.921044451352191,21211.98,550508.022339027,186.360197135757
361,"Paweł","Suski","KO",40,"1964-06-10","Paweł Suski",61,3217,3201,16,0,0.15,0.995026422132422,20328.1475,527570.188074901,164.814179342362
362,"Artur","Szałabawka","PiS",41,"1967-10-03","Artur Szałabawka",58,3217,2954,263,16,0,0.923220391669257,17676.65,458756.685282523,155.300164279798
363,"Wojciech","Szarama","PiS",29,"1955-12-16","Wojciech Szarama",69,3217,2628,589,15,0.15,0.821572894000622,20328.1475,527570.188074901,200.749691048288
364,"Wiesław","Szczepański","Lewica",36,"1960-06-01","Wiesław Szczepański",65,3217,3168,49,1,0,0.985079266397265,17676.65,458756.685282523,144.809559748271
366,"Krzysztof","Szczucki","PiS",5,"1986-10-18","Krzysztof Szczucki",39,3217,2695,522,16,0.15,0.84271059993783,20328.1475,527570.188074901,195.758882402561
367,"Józefa","Szczurek-Żelazko","PiS",15,"1961-03-14","Józefa Szczurek-Żelazko",64,3217,2986,231,6,0,0.930059061237178,17676.65,458756.685282523,153.635862452285
369,"Andrzej","Szejna","Lewica",33,"1973-04-28","Andrzej Szejna",52,3217,2861,356,23,0.15,0.896487410631023,20328.1475,527570.188074901,184.400624982489
370,"Andrzej","Szewiński","KO",28,"1970-02-20","Andrzej Szewiński",55,3217,3199,18,0,0.15,0.994404724898974,20328.1475,527570.188074901,164.917220404783
371,"Adam","Szłapka","KO",39,"1984-12-06","Adam Szłapka",41,3217,2656,561,26,0,0.833695990052844,17676.65,458756.685282523,172.72465560336
372,"Henryk","Szopiński","KO",38,"1962-09-15","Henryk Szopiński",63,3217,3207,10,0,0,0.996891513832763,17676.65,458756.685282523,143.0485454576
373,"Paweł","Szrot","PiS",4,"1975-06-30","Paweł Szrot",50,3217,3147,70,1,0,0.978551445446068,17676.65,458756.685282523,145.775877115514
374,"Krystyna","Szumilas","KO",29,"1956-06-28","Krystyna Szumilas",69,3217,3148,69,3,0.2,0.979483991296239,21211.98,550508.022339027,174.875483589272
375,"Stanisław","Szwed","PiS",27,"1955-04-12","Stanisław Szwed",70,3217,2834,383,12,0,0.884675163195524,17676.65,458756.685282523,161.876035738364
376,"Ewa","Szymanowska","Polska2050",9,"1978-05-30","Ewa Szymanowska",47,3217,3188,29,2,0.15,0.991607087348461,20328.1475,527570.188074901,165.486257238049
377,"Tomasz","Szymański","KO",5,"1978-04-24","Tomasz Szymański",47,3217,3147,70,3,0,0.979173142679515,17676.65,458756.685282523,145.775877115514
378,"Szymon","Szynkowski vel Sęk","PiS",39,"1982-11-24","Szymon Szynkowski vel Sęk",43,3217,2982,235,8,0.15,0.92943736400373,20328.1475,527570.188074901,176.918238791047
379,"Łukasz","Ściebiorowski","KO",31,"1980-03-13","Łukasz Ściebiorowski",45,3217,3196,21,2,0,0.99409387628225,17676.65,458756.685282523,143.540890263618
380,"Agnieszka","Ścigaj","PiS",13,"1975-12-22","Agnieszka Ścigaj",49,3217,2899,318,11,0,0.904569474665838,17676.65,458756.685282523,158.246528210598
381,"Andrzej","Śliwka","PiS",34,"1988-10-12","Andrzej Śliwka",37,3217,3111,106,0,0,0.967050046627293,17676.65,458756.685282523,147.462772511258
382,"Paweł","Śliz","Polska2050",12,"1980-09-18","Paweł Śliz",45,3217,3044,173,3,0.2,0.947155735156979,21211.98,550508.022339027,180.850204447775
384,"Jacek","Świat","PiS",3,"1955-12-16","Jacek Świat",69,3217,3151,66,3,0,0.98041653714641,17676.65,458756.685282523,145.590823637741
385,"Apoloniusz","Tajner","KO",27,"1954-04-17","Apoloniusz Tajner",71,3217,3203,14,2,0,0.996269816599316,17676.65,458756.685282523,143.227188661418
386,"Krzysztof","Tchórzewski","PiS",18,"1950-05-19","Krzysztof Tchórzewski",75,3217,3098,119,5,0,0.964563257693503,17676.65,458756.685282523,148.081564003397
387,"Robert","Telus","PiS",10,"1969-04-18","Robert Telus",56,3217,2831,386,8,0.15,0.882499222878458,20328.1475,527570.188074901,186.354711435854
388,"Ryszard","Terlecki","PiS",14,"1949-09-02","Ryszard Terlecki",76,3217,3088,129,2,0,0.960522225676096,17676.65,458756.685282523,148.561102746931
389,"Tadeusz","Tomaszewski","Lewica",37,"1959-02-21","Tadeusz Tomaszewski",66,3217,3108,109,2,0.2,0.966739198010569,21211.98,550508.022339027,177.126133313715
390,"Jacek","Tomczak","PSL-TD",39,"1973-07-27","Jacek Tomczak",52,3217,2746,471,17,0.15,0.85887472800746,20328.1475,527570.188074901,192.123156618682
391,"Wioleta","Tomczak","Polska2050",26,"1988-04-21","Wioleta Tomczak",37,3217,3211,6,1,0.15,0.998445756916382,20328.1475,527570.188074901,164.30089943161
392,"Cezary","Tomczyk","KO",11,"1984-08-25","Cezary Tomczyk",41,3217,3125,92,5,0,0.972956170345042,17676.65,458756.685282523,146.802139290407
393,"Stanisław","Tomczyszyn","PSL-TD",8,"1959-08-26","Stanisław Tomczyszyn",66,3217,3211,6,1,0.15,0.998445756916382,20328.1475,527570.188074901,164.30089943161
394,"Małgorzata","Tracz","KO",3,"1985-12-08","Małgorzata Tracz",40,3217,3210,7,0,0,0.997824059682934,17676.65,458756.685282523,142.9148552282
395,"Tomasz","Trela","Lewica",9,"1979-12-30","Tomasz Trela",45,3217,3177,40,2,0.15,0.988187752564501,20328.1475,527570.188074901,166.05923452153
396,"Krzysztof","Truskolaski","KO",24,"1990-07-25","Krzysztof Truskolaski",35,3217,3064,153,6,0.15,0.954305253341623,20328.1475,527570.188074901,172.183481747683
397,"Krzysztof","Tuduj","Konfederacja",3,"1981-04-25","Krzysztof Tuduj",44,3217,2600,617,12,0.15,0.811936586882188,20328.1475,527570.188074901,202.911610798039
398,"Sylwester","Tułajew","PiS",6,"1981-12-30","Sylwester Tułajew",43,3217,3199,18,0,0,0.994404724898974,17676.65,458756.685282523,143.406278612855
399,"Witold","Tumanowicz","Konfederacja",7,"1986-11-04","Witold Tumanowicz",39,3217,3103,114,3,0,0.965495803543674,17676.65,458756.685282523,147.842953684345
400,"Donald","Tusk","KO",19,"1957-04-22","Donald Tusk",68,3217,1350,1867,111,0,0.454149829033261,17676.65,458756.685282523,339.819766875943
402,"Katarzyna","Ueberhan","Lewica",39,"1975-08-26","Katarzyna Ueberhan",50,3217,3055,162,4,0.2,0.950885918557662,21211.98,550508.022339027,180.199025315557
403,"Jarosław","Urbaniak","KO",36,"1966-08-07","Jarosław Urbaniak",59,3217,2904,313,15,0.2,0.907367112216351,21211.98,550508.022339027,189.568878215919
404,"Piotr","Uruski","PiS",22,"1976-08-11","Piotr Uruski",49,3217,2665,552,12,0,0.832141746969226,17676.65,458756.685282523,172.141345321772
405,"Piotr","Uściński","PiS",20,"1977-05-20","Piotr Uściński",48,3217,2979,238,9,0,0.928815666770283,17676.65,458756.685282523,153.996873206621
406,"Jarosław","Wałęsa","KO",25,"1976-09-13","Jarosław Wałęsa",49,3217,3155,62,2,0.15,0.981349082996581,20328.1475,527570.188074901,167.217175301078
407,"Marcin","Warchoł","PiS",23,"1980-07-13","Marcin Warchoł",45,3217,2977,240,17,0.15,0.930680758470625,20328.1475,527570.188074901,177.215380609641
408,"Robert","Wardzała","KO",15,"1975-10-12","Robert Wardzała",50,3217,2812,405,9,0,0.876903947777432,17676.65,458756.685282523,163.142491210001
409,"Robert","Warwas","PiS",32,"1976-08-13","Robert Warwas",49,3217,3178,39,2,0,0.988498601181225,17676.65,458756.685282523,144.353897193997
410,"Jan","Warzecha","PiS",23,"1959-04-21","Jan Warzecha",66,3217,3068,149,3,0,0.954616101958346,17676.65,458756.685282523,149.529558436285
411,"Małgorzata","Wassermann","PiS",13,"1978-03-16","Małgorzata Wassermann",47,3217,3022,195,4,0.15,0.940627914205782,20328.1475,527570.188074901,174.576501679319
412,"Michał","Wawer","Konfederacja",33,"1989-04-01","Michał Wawer",36,3217,3165,52,8,0,0.986322660864159,17676.65,458756.685282523,144.946819994478
415,"Rafał","Weber","PiS",23,"1981-09-01","Rafał Weber",44,3217,3079,138,8,0,0.959589679825925,17676.65,458756.685282523,148.995350854993
416,"Marek","Wesoły","PiS",31,"1972-05-03","Marek Wesoły",53,3217,2960,257,0,0.15,0.92011190550202,20328.1475,527570.188074901,178.233171646926
417,"Joanna","Wicha","Lewica",20,"1966-10-09","Joanna Wicha",59,3217,3060,157,4,0.15,0.952440161641281,20328.1475,527570.188074901,172.408558194412
418,"Patryk","Wicher","PiS",14,"1986-03-09","Patryk Wicher",39,3217,3042,175,8,0,0.94808828100715,17676.65,458756.685282523,150.807588850271
419,"Dariusz","Wieczorek","Lewica",41,"1965-05-23","Dariusz Wieczorek",60,3217,3183,34,2,0.15,0.990052844264843,20328.1475,527570.188074901,165.746210516777
420,"Jarosław","Wieczorek","PiS",29,"1981-01-27","Jarosław Wieczorek",44,3217,3165,52,0,0,0.98383587193037,17676.65,458756.685282523,144.946819994478
421,"Monika","Wielichowska","KO",2,"1973-10-04","Monika Wielichowska",52,3217,3095,122,119,0,0.999067454149829,17676.65,458756.685282523,148.225100252835
422,"Ryszard","Wilk","Konfederacja",14,"1987-03-24","Ryszard Wilk",38,3217,2190,1027,29,0,0.689773080509792,17676.65,458756.685282523,209.47793848517
423,"Teresa","Wilk","PiS",34,"1952-10-29","Teresa Wilk",73,3217,2783,434,11,0,0.868511035125894,17676.65,458756.685282523,164.842502796451
424,"Przemysław","Wipler","Konfederacja",5,"1978-07-15","Przemysław Wipler",47,3217,2596,621,11,0.15,0.81038234379857,20328.1475,527570.188074901,203.224263511133
425,"Aleksandra","Uznańska-Wiśniewska","KO",9,"1994-05-27","Aleksandra Uznańska-Wiśniewska",31,3217,3106,111,5,0,0.967050046627293,17676.65,458756.685282523,147.700156240349
426,"Adrian","Witczak","KO",10,"1991-03-20","Adrian Witczak",34,3217,3181,36,2,0,0.989431147031396,17676.65,458756.685282523,144.217757083472
427,"Mariusz","Witczak","KO",36,"1971-04-14","Mariusz Witczak",54,3217,3208,9,1,0,0.997513211066211,17676.65,458756.685282523,143.003954265126
428,"Elżbieta","Witek","PiS",1,"1957-12-17","Elżbieta Witek",67,3217,3084,133,0,0,0.958657133975754,17676.65,458756.685282523,148.753789002115
429,"Przemysław","Witek","KO",28,"1978-03-16","Przemysław Witek",47,3217,3033,184,1,0,0.943114703139571,17676.65,458756.685282523,151.255089113921
430,"Kamil","Wnuk","Polska2050",32,"1984-05-22","Kamil Wnuk",41,3217,3014,203,2,0,0.937519428038545,17676.65,458756.685282523,152.208588348548
431,"Anna","Wojciechowska","KO",35,"1960-02-29","Anna Wojciechowska",65,3217,3198,19,5,0.15,0.995648119365869,20328.1475,527570.188074901,164.968789266698
432,"Agnieszka","Wojciechowska van Heukelom","PiS",9,"1964-08-30","Agnieszka Wojciechowska van Heukelom",61,3217,2960,257,3,0,0.921044451352191,17676.65,458756.685282523,154.985366649501
433,"Agata","Wojtyszek","PiS",33,"1967-10-23","Agata Wojtyszek",58,3217,3119,98,3,0,0.970469381411253,17676.65,458756.685282523,147.084541610299
434,"Bogusław","Wołoszański","KO",10,"1950-03-22","Bogusław Wołoszański",75,3217,1990,1227,37,0,0.63009014609885,17676.65,458756.685282523,230.530997629409
435,"Michał","Woś","PiS",30,"1991-02-08","Michał Woś",34,3217,2895,322,11,0.15,0.903326080198943,20328.1475,527570.188074901,182.234952702902
436,"Grzegorz","Woźniak","PiS",18,"1968-12-18","Grzegorz Woźniak",56,3217,2703,514,19,0,0.84612993472179,17676.65,458756.685282523,169.72130421107
437,"Tadeusz","Woźniak","PiS",11,"1960-01-15","Tadeusz Woźniak",65,3217,3184,33,3,0,0.99067454149829,17676.65,458756.685282523,144.08187351838
438,"Michał","Wójcik","PiS",31,"1971-04-17","Michał Wójcik",54,3217,3156,61,3,0,0.981970780230028,17676.65,458756.685282523,145.360166439329
439,"Maciej","Wróbel","KO",35,"1983-10-16","Maciej Wróbel",42,3217,3212,5,1,0,0.998756605533105,17676.65,458756.685282523,142.82586714898
440,"Bartłomiej","Wróblewski","PiS",39,"1975-03-13","Bartłomiej Wróblewski",50,3217,2629,588,36,0.15,0.828411563568542,20328.1475,527570.188074901,200.673331333169
441,"Paweł","Zalewski","Polska2050",20,"1964-09-25","Paweł Zalewski",61,3217,2403,814,23,0,0.754118744171588,17676.65,458756.685282523,190.909981390979
442,"Adrian","Zandberg","Razem",19,"1979-12-04","Adrian Zandberg",46,3217,3088,129,0,0,0.959900528442648,17676.65,458756.685282523,148.561102746931
443,"Andrzej","Zapałowski","Konfederacja",22,"1966-11-06","Andrzej Zapałowski",59,3217,3109,108,5,0.15,0.967982592477463,20328.1475,527570.188074901,169.691279535189
444,"Bartosz","Zawieja","KO",39,"1978-03-02","Bartosz Zawieja",47,3217,3204,13,0,0,0.995958967982592,17676.65,458756.685282523,143.182486043234
445,"Marcelina","Zawisza","Razem",21,"1989-05-03","Marcelina Zawisza",36,3217,3042,175,7,0,0.947777432390426,17676.65,458756.685282523,150.807588850271
446,"Sławomir","Zawiślak","Konfederacja_KP",7,"1963-06-09","Sławomir Zawiślak",62,3217,2931,286,15,0,0.915760024867889,17676.65,458756.685282523,156.518828141427
448,"Witold","Zembaczyński","KO",21,"1980-12-28","Witold Zembaczyński",44,3217,3203,14,2,0,0.996269816599316,17676.65,458756.685282523,143.227188661418
449,"Piotr","Zgorzelski","PSL-TD",16,"1963-09-17","Piotr Zgorzelski",62,3217,3129,88,119,0,1.00963630711843,17676.65,458756.685282523,146.614472765268
450,"Zbigniew","Ziejewski","PSL-TD",34,"1958-11-28","Zbigniew Ziejewski",67,3217,2652,565,11,0,0.827789866335095,17676.65,458756.685282523,172.985175445899
451,"Urszula","Zielińska","KO",19,"1977-10-03","Urszula Zielińska",48,3217,2995,222,3,0,0.931924152937519,17676.65,458756.685282523,153.17418540318
452,"Jarosław","Zieliński","PiS",24,"1960-09-20","Jarosław Zieliński",65,3217,3198,19,0,0.15,0.99409387628225,20328.1475,527570.188074901,164.968789266698
453,"Tomasz","Zieliński","PiS",7,"1967-07-20","Tomasz Zieliński",58,3217,3013,204,4,0,0.937830276655269,17676.65,458756.685282523,152.259105636417
454,"Jolanta","Zięba-Gzik","PSL-TD",11,"1975-10-13","Jolanta Zięba-Gzik",50,3217,3149,68,1,0.15,0.979173142679515,20328.1475,527570.188074901,167.535785352462
455,"Tomasz","Zimoch","niez.",3,"1957-10-30","Tomasz Zimoch",68,3217,3171,46,6,0,0.987566055331054,17676.65,458756.685282523,144.672559218708
456,"Zbigniew","Ziobro","PiS",23,"1970-08-18","Zbigniew Ziobro",55,3217,524,2693,55,0,0.179981349082997,17676.65,458756.685282523,875.489857409395
457,"Wojciech","Zubowski","PiS",1,"1979-11-12","Wojciech Zubowski",46,3217,3037,180,3,0,0.944979794839913,17676.65,458756.685282523,151.055872664644
458,"Ireneusz","Zyska","PiS",2,"1969-08-05","Ireneusz Zyska",56,3217,3159,58,4,0,0.983214174696923,17676.65,458756.685282523,145.222122596557
459,"Bożena","Żelazowska","PSL-TD",20,"1970-08-23","Bożena Żelazowska",55,3217,3157,60,2,0,0.981970780230028,17676.65,458756.685282523,145.314122674223
460,"Anna","Żukowska","Lewica",19,"1983-06-11","Anna Żukowska",42,3217,3123,94,6,0.15,0.972645321728318,20328.1475,527570.188074901,168.93057575245
461,"Anna","Baluch","PiS",6,"1973-06-03","Anna Baluch",52,3110,3038,72,2,0,0.977491961414791,17676.65,458756.685282523,151.006150520909
462,"Magdalena","Łośko","KO",4,"1984-08-30","Magdalena Łośko",41,3026,3017,9,0,0.15,0.997025776602776,20328.1475,527570.188074901,174.86582302781
463,"Monika","Pawłowska","PiS",7,"1983-06-15","Monika Pawłowska",42,2973,1861,1112,31,0,0.636394214598049,17676.65,458756.685282523,246.510846470996
464,"Alicja","Łuczak","KO",36,"1961-06-17","Alicja Łuczak",64,2887,2876,11,0,0,0.996189816418427,17676.65,458756.685282523,159.512060251225
465,"Dominik","Jaśkowiec","KO",13,"1977-06-12","Dominik Jaśkowiec",48,2864,2857,7,1,0,0.997905027932961,17676.65,458756.685282523,160.572868492308
466,"Paweł","Masełko","KO",21,"1980-07-07","Paweł Masełko",45,2864,2859,5,1,0,0.998603351955307,17676.65,458756.685282523,160.46054049756
467,"Katarzyna","Stachowicz","KO",32,"1977-07-18","Katarzyna Stachowicz",48,2806,2750,56,0,0,0.980042765502495,17676.65,458756.685282523,166.820612830008
468,"Lidia","Czechak","PiS",36,"1976-02-03","Lidia Czechak",49,2736,2646,90,3,0,0.968201754385965,17676.65,458756.685282523,173.377432079563
469,"Barbara","Grygorcewicz","KO",40,"1963-09-27","Barbara Grygorcewicz",62,2732,2729,3,0,0,0.998901903367496,17676.65,458756.685282523,168.104318535186
470,"Bożenna","Hołownia","Polska2050",19,"1953-07-27","Bożenna Hołownia",72,2736,2332,404,17,0,0.858552631578947,17676.65,458756.685282523,196.722420790104
471,"Urszula","Koszutska","KO",31,"1959-02-05","Urszula Koszutska",66,2736,2728,8,0,0,0.997076023391813,17676.65,458756.685282523,168.165940352831
472,"Piotr","Kowal","Lewica",5,"1992-11-05","Piotr Kowal",33,2736,2701,35,1,0.15,0.987573099415205,20328.1475,527570.188074901,195.324023722659
473,"Michał","Kowalski","PiS",26,"1976-05-04","Michał Kowalski",49,2736,2492,244,0,0,0.910818713450292,17676.65,458756.685282523,184.091767769873
474,"Maria","Koźlakiewicz","KO",16,"1985-02-02","Maria Koźlakiewicz",40,2736,2712,24,1,0,0.991593567251462,17676.65,458756.685282523,169.158069794441
475,"Katarzyna","Królak","KO",34,"1971-03-01","Katarzyna Królak",54,2736,2715,21,3,0,0.993421052631579,17676.65,458756.685282523,168.971154800193
476,"Wioletta","Kulpa","PiS",16,"1974-12-09","Wioletta Kulpa",51,2732,2720,12,1,0,0.99597364568082,17676.65,458756.685282523,168.660546059751
477,"Grzegorz","Macko","PiS",2,"1992-09-06","Grzegorz Macko",33,2736,2612,124,1,0,0.955043859649123,17676.65,458756.685282523,175.634259296525
478,"Jerzy","Meysztowicz","KO",13,"1958-10-01","Jerzy Meysztowicz",67,2736,2672,64,0,0,0.976608187134503,17676.65,458756.685282523,171.690376228489
479,"Krzysztof","Mieszkowski","KO",3,"1956-05-19","Krzysztof Mieszkowski",69,2736,2728,8,0,0,0.997076023391813,17676.65,458756.685282523,168.165940352831
480,"Anna","Paluch","PiS",14,"1960-03-31","Anna Paluch",65,2736,2684,52,0,0,0.980994152046784,17676.65,458756.685282523,170.92275904714
481,"Krzysztof","Piątkowski","KO",9,"1969-09-03","Krzysztof Piątkowski",56,2736,2635,101,3,0.15,0.964181286549708,20328.1475,527570.188074901,200.216390161253
482,"Mariusz","Popielarz","KO",18,"1975-05-03","Mariusz Popielarz",50,2736,2727,9,0,0,0.99671052631579,17676.65,458756.685282523,168.227607364328
483,"Magdalena","Roguska","KO",19,"1980-06-22","Magdalena Roguska",45,2736,2700,36,4,0,0.988304093567251,17676.65,458756.685282523,169.909883437971
484,"Marta","Stożek","Razem",3,"1976-08-05","Marta Stożek",49,2736,2671,65,1,0.15,0.976608187134503,20328.1475,527570.188074901,197.517854015313
485,"Krzysztof","Szymański","Konfederacja",26,"1990-06-21","Krzysztof Szymański",35,2736,2722,14,0,0.15,0.994883040935672,20328.1475,527570.188074901,193.817115383873
486,"Włodzimierz","Tomaszewski","PiS",9,"1956-11-16","Włodzimierz Tomaszewski",69,2736,2707,29,2,0,0.990131578947368,17676.65,458756.685282523,169.470515434992
487,"Maciej","Tomczykiewicz","KO",27,"1988-03-27","Maciej Tomczykiewicz",37,2736,2614,122,2,0.15,0.956140350877193,20328.1475,527570.188074901,201.824861543574
488,"Jarosław","Krajewski","PiS",19,"1983-03-09","Jarosław Krajewski",42,2736,2713,23,2,0,0.992324561403509,17676.65,458756.685282523,169.095718865655
489,"Bożena","Lisowska","KO",6,"1963-04-14","Bożena Lisowska",62,2736,2720,16,2,0,0.994883040935672,17676.65,458756.685282523,168.660546059751
490,"Michał","Połuboczek","Konfederacja",23,"1982-10-24","Michał Połuboczek",43,2736,2496,240,2,0.15,0.913011695906433,20328.1475,527570.188074901,211.366261247957
491,"Aleksandra","Kot","KO",13,"2000-02-17","Aleksandra Kot",25,2732,2714,18,0,0,0.993411420204978,17676.65,458756.685282523,169.033413884496
492,"Rafał","Romanowski","PiS",16,"1978-02-15","Rafał Romanowski",47,2600,2063,537,13,0,0.798461538461538,17676.65,458756.685282523,222.373575027883
493,"Henryk","Smolarz","PSL-TD",6,"1969-09-03","Henryk Smolarz",56,2600,2343,257,5,0,0.903076923076923,17676.65,458756.685282523,195.798841349775
494,"Robert","Jagła","KO",2,"1968-11-29","Robert Jagła",57,2280,2248,32,2,0,0.986842105263158,17676.65,458756.685282523,204.073258577635
495,"Michał","Jach","PiS",41,"1951-09-23","Michał Jach",74,916,861,55,5,0,0.945414847161572,17676.65,458756.685282523,532.818449805485
496,"Bogumiła","Olbryś","PiS",24,"1961-06-02","Bogumiła Olbryś",64,916,902,14,2,0,0.986899563318777,17676.65,458756.685282523,508.599429359782
497,"Tomasz","Rzymkowski","niez.",11,"1986-07-31","Tomasz Rzymkowski",39,916,845,71,3,0,0.925764192139738,17676.65,458756.685282523,542.907319860974
498,"Marek","Subocz","PiS",40,"1984-10-14","Marek Subocz",41,916,911,5,0,0,0.994541484716157,17676.65,458756.685282523,503.574846632846
